{
  "cond": {
    "R": [
      [
        1.0,
        -0.0,
        0.0
      ],
      [
        0.0,
        -1.0,
        -0.0
      ],
      [
        0.0,
        0.0,
        -1.0
      ]
    ],
    "t": [
      0.0,
      0.0,
      1.5
    ],
    "K": [
      [
        955.4050067376327,
        0.0,
        256.0
      ],
      [
        0.0,
        955.4050067376327,
        256.0
      ],
      [
        0.0,
        0.0,
        1.0
      ]
    ]
  },
  "view_0": {
    "R": [
      [
        0.8660254037844387,
        0.0,
        -0.49999999999999994
      ],
      [
        0.17101007166283433,
        -0.9396926207859084,
        0.29619813272602386
      ],
      [
        -0.46984631039295416,
        -0.3420201433256687,
        -0.8137976813493738
      ]
    ],
    "t": [
      4.326003322096757e-17,
      -5.3841560126010786e-18,
      1.5000000000000002
    ],
    "K": [
      [
        955.4050067376327,
        0.0,
        256.0
      ],
      [
        0.0,
        955.4050067376327,
        256.0
      ],
      [
        0.0,
        0.0,
        1.0
      ]
    ]
  },
  "view_1": {
    "R": [
      [
        6.123233995736766e-17,
        0.0,
        -1.0
      ],
      [
        -0.17364817766693036,
        -0.9848077530122081,
        -1.0632884247878858e-17
      ],
      [
        -0.9848077530122081,
        0.17364817766693036,
        -6.030208312509489e-17
      ]
    ],
    "t": [
      0.0,
      -3.681117130991404e-18,
      1.5
    ],
    "K": [
      [
        955.4050067376327,
        0.0,
        256.0
      ],
      [
        0.0,
        955.4050067376327,
        256.0
      ],
      [
        0.0,
        0.0,
        1.0
      ]
    ]
  },
  "view_2": {
    "R": [
      [
        -0.8660254037844387,
        0.0,
        -0.49999999999999994
      ],
      [
        0.17101007166283433,
        -0.9396926207859084,
        -0.29619813272602386
      ],
      [
        -0.46984631039295416,
        -0.3420201433256687,
        0.8137976813493738
      ]
    ],
    "t": [
      -4.326003322096757e-17,
      -5.3841560126010786e-18,
      1.5000000000000002
    ],
    "K": [
      [
        955.4050067376327,
        0.0,
        256.0
      ],
      [
        0.0,
        955.4050067376327,
        256.0
      ],
      [
        0.0,
        0.0,
        1.0
      ]
    ]
  },
  "view_3": {
    "R": [
      [
        -0.8660254037844386,
        0.0,
        0.5000000000000001
      ],
      [
        0.0868240888334652,
        -0.9848077530122081,
        0.1503837331804353
      ],
      [
        0.4924038765061041,
        0.17364817766693036,
        0.8528685319524432
      ]
    ],
    "t": [
      3.1008839710263096e-17,
      2.7294485683488245e-18,
      1.5
    ],
    "K": [
      [
        955.4050067376327,
        0.0,
        256.0
      ],
      [
        0.0,
        955.4050067376327,
        256.0
      ],
      [
        0.0,
        0.0,
        1.0
      ]
    ]
  },
  "view_4": {
    "R": [
      [
        -1.8369701987210297e-16,
        0.0,
        1.0
      ],
      [
        -0.3420201433256687,
        -0.9396926207859084,
        -6.282808106515487e-17
      ],
      [
        0.9396926207859084,
        -0.3420201433256687,
        1.7261873403417754e-16
      ]
    ],
    "t": [
      0.0,
      5.577129362384023e-18,
      1.5000000000000002
    ],
    "K": [
      [
        955.4050067376327,
        0.0,
        256.0
      ],
      [
        0.0,
        955.4050067376327,
        256.0
      ],
      [
        0.0,
        0.0,
        1.0
      ]
    ]
  },
  "view_5": {
    "R": [
      [
        0.8660254037844384,
        -0.0,
        0.5000000000000004
      ],
      [
        0.08682408883346525,
        -0.984807753012208,
        -0.15038373318043524
      ],
      [
        0.49240387650610445,
        0.17364817766693033,
        -0.8528685319524429
      ]
    ],
    "t": [
      -1.3013056378536631e-17,
      -1.8411292292354875e-17,
      1.5
    ],
    "K": [
      [
        955.4050067376327,
        0.0,
        256.0
      ],
      [
        0.0,
        955.4050067376327,
        256.0
      ],
      [
        0.0,
        0.0,
        1.0
      ]
    ]
  }
}