{
    "Camera": {
        "intrinsics": {
            "fx": 2666.6666666666665,
            "fy": 2250.0,
            "cx": 960.0,
            "cy": 540.0,
            "resolution": [
                1920.0,
                1080.0
            ]
        },
        "extrinsic_matrix": [
            [
                0.6960116028785706,
                -0.3107116222381592,
                0.6473222970962524,
                8.76489543914795
            ],
            [
                0.7180305123329163,
                0.30118271708488464,
                -0.6274720430374146,
                -8.48414134979248
            ],
            [
                5.750839591200929e-07,
                0.9015249609947205,
                0.4327270984649658,
                5.789177894592285
            ],
            [
                0.0,
                0.0,
                0.0,
                1.0
            ]
        ]
    }
}