{
  "scene_id": "scene_glass_suzanne",
  "scene_dir": "/home/ericjjwang/projects/cv/data/scene_glass_suzanne",
  "views": [
    0,
    1,
    2,
    3,
    4,
    5
  ],
  "thresholds": {
    "object_ratio_threshold": 2.0,
    "background_ratio_threshold": 1.5
  },
  "scene_aggregate": {
    "object_sampson_refractive_median": 11.868860613307838,
    "object_sampson_matte_median": 11.034346359097182,
    "object_sampson_ratio": 1.0756287891509448,
    "background_sampson_refractive_median": 25.84226686475847,
    "background_sampson_matte_median": 24.92156099425604,
    "background_sampson_ratio": 1.0369441493137062,
    "verdict": "FAIL",
    "reason": "object_ratio=1.08x \u2264 2.0x"
  },
  "per_view": [
    {
      "scene_id": "scene_glass_suzanne",
      "view_idx": 0,
      "azimuth": 29.999999999999996,
      "elevation": 20.0,
      "refractive": {
        "view_idx": 0,
        "azimuth": 29.999999999999996,
        "elevation": 20.0,
        "skipped": false,
        "n_matches": 57,
        "n_object_matches": 39,
        "n_background_matches": 6,
        "n_mixed_matches": 12,
        "mean_sampson_all": 8.91813251930609,
        "median_sampson_all": 5.42475371803703,
        "mean_sampson_object": 5.765885356891344,
        "median_sampson_object": 4.0990655140049075,
        "mean_sampson_background": 12.023364687123136,
        "median_sampson_background": 6.134757686159883,
        "mean_sampson_mixed": 17.610319713245495
      },
      "matte": {
        "view_idx": 0,
        "azimuth": 29.999999999999996,
        "elevation": 20.0,
        "skipped": false,
        "n_matches": 125,
        "n_object_matches": 48,
        "n_background_matches": 59,
        "n_mixed_matches": 18,
        "mean_sampson_all": 18.584176790402864,
        "median_sampson_all": 16.754327195396836,
        "mean_sampson_object": 10.418887988150217,
        "median_sampson_object": 10.313915030189781,
        "mean_sampson_background": 26.622690242424735,
        "median_sampson_background": 29.70404161527882,
        "mean_sampson_mixed": 14.009819503671558
      },
      "summary": {
        "object_sampson_refractive_median": 4.0990655140049075,
        "object_sampson_matte_median": 10.313915030189781,
        "object_sampson_ratio": 0.3974306072918542,
        "background_sampson_refractive_median": 6.134757686159883,
        "background_sampson_matte_median": 29.70404161527882,
        "background_sampson_ratio": 0.20652939305755477,
        "n_object_matches_refractive": 39,
        "n_object_matches_matte": 48,
        "n_background_matches_refractive": 6,
        "n_background_matches_matte": 59
      }
    },
    {
      "scene_id": "scene_glass_suzanne",
      "view_idx": 1,
      "azimuth": 90.0,
      "elevation": -10.000000000000004,
      "refractive": {
        "view_idx": 1,
        "azimuth": 90.0,
        "elevation": -10.000000000000004,
        "skipped": false,
        "n_matches": 51,
        "n_object_matches": 21,
        "n_background_matches": 12,
        "n_mixed_matches": 18,
        "mean_sampson_all": 12.654886527789515,
        "median_sampson_all": 10.962342228132243,
        "mean_sampson_object": 12.521445749282568,
        "median_sampson_object": 12.963281055230912,
        "mean_sampson_background": 14.311873344693614,
        "median_sampson_background": 13.12964033339513,
        "mean_sampson_mixed": 11.70590955811155
      },
      "matte": {
        "view_idx": 1,
        "azimuth": 90.0,
        "elevation": -10.000000000000004,
        "skipped": true,
        "n_matches": 3,
        "n_object_matches": 0,
        "n_background_matches": 0,
        "n_mixed_matches": 0,
        "mean_sampson_all": null,
        "median_sampson_all": null,
        "mean_sampson_object": null,
        "median_sampson_object": null,
        "mean_sampson_background": null,
        "median_sampson_background": null,
        "mean_sampson_mixed": null
      },
      "summary": {
        "object_sampson_refractive_median": 12.963281055230912,
        "object_sampson_matte_median": null,
        "object_sampson_ratio": null,
        "background_sampson_refractive_median": 13.12964033339513,
        "background_sampson_matte_median": null,
        "background_sampson_ratio": null,
        "n_object_matches_refractive": 21,
        "n_object_matches_matte": 0,
        "n_background_matches_refractive": 12,
        "n_background_matches_matte": 0
      }
    },
    {
      "scene_id": "scene_glass_suzanne",
      "view_idx": 2,
      "azimuth": 150.0,
      "elevation": 20.0,
      "refractive": {
        "view_idx": 2,
        "azimuth": 150.0,
        "elevation": 20.0,
        "skipped": false,
        "n_matches": 23,
        "n_object_matches": 0,
        "n_background_matches": 4,
        "n_mixed_matches": 19,
        "mean_sampson_all": 33.87640207144954,
        "median_sampson_all": 37.438331022611024,
        "mean_sampson_object": null,
        "median_sampson_object": null,
        "mean_sampson_background": 29.729269324406513,
        "median_sampson_background": 27.27040877392031,
        "mean_sampson_mixed": 34.749482649774386
      },
      "matte": {
        "view_idx": 2,
        "azimuth": 150.0,
        "elevation": 20.0,
        "skipped": true,
        "n_matches": 2,
        "n_object_matches": 0,
        "n_background_matches": 0,
        "n_mixed_matches": 0,
        "mean_sampson_all": null,
        "median_sampson_all": null,
        "mean_sampson_object": null,
        "median_sampson_object": null,
        "mean_sampson_background": null,
        "median_sampson_background": null,
        "mean_sampson_mixed": null
      },
      "summary": {
        "object_sampson_refractive_median": null,
        "object_sampson_matte_median": null,
        "object_sampson_ratio": null,
        "background_sampson_refractive_median": 27.27040877392031,
        "background_sampson_matte_median": null,
        "background_sampson_ratio": null,
        "n_object_matches_refractive": 0,
        "n_object_matches_matte": 0,
        "n_background_matches_refractive": 4,
        "n_background_matches_matte": 0
      }
    },
    {
      "scene_id": "scene_glass_suzanne",
      "view_idx": 3,
      "azimuth": 210.0,
      "elevation": -10.000000000000002,
      "refractive": {
        "view_idx": 3,
        "azimuth": 210.0,
        "elevation": -10.000000000000002,
        "skipped": true,
        "n_matches": 18,
        "n_object_matches": 0,
        "n_background_matches": 0,
        "n_mixed_matches": 0,
        "mean_sampson_all": null,
        "median_sampson_all": null,
        "mean_sampson_object": null,
        "median_sampson_object": null,
        "mean_sampson_background": null,
        "median_sampson_background": null,
        "mean_sampson_mixed": null
      },
      "matte": {
        "view_idx": 3,
        "azimuth": 210.0,
        "elevation": -10.000000000000002,
        "skipped": true,
        "n_matches": 17,
        "n_object_matches": 0,
        "n_background_matches": 0,
        "n_mixed_matches": 0,
        "mean_sampson_all": null,
        "median_sampson_all": null,
        "mean_sampson_object": null,
        "median_sampson_object": null,
        "mean_sampson_background": null,
        "median_sampson_background": null,
        "mean_sampson_mixed": null
      },
      "summary": {
        "object_sampson_refractive_median": null,
        "object_sampson_matte_median": null,
        "object_sampson_ratio": null,
        "background_sampson_refractive_median": null,
        "background_sampson_matte_median": null,
        "background_sampson_ratio": null,
        "n_object_matches_refractive": 0,
        "n_object_matches_matte": 0,
        "n_background_matches_refractive": 0,
        "n_background_matches_matte": 0
      }
    },
    {
      "scene_id": "scene_glass_suzanne",
      "view_idx": 4,
      "azimuth": 270.0,
      "elevation": 20.0,
      "refractive": {
        "view_idx": 4,